,WSVF,SVF,WSPT,SPT,M,N
0,425.591,521.9605,476.9185,593.439,7,2000
1,432.42525,536.95325,483.17724999999996,611.4575,7,2000
2,449.7915,565.8553333333333,502.80716666666666,637.055,7,2000
3,469.331125,587.4952499999999,518.627375,657.200875,7,2000
4,486.7362,606.9107999999999,537.6997,675.9884,7,2000
5,501.05241666666666,621.11525,551.8150833333334,689.8855833333333,7,2000
