,WSVF,SVF,WSPT,SPT,M,N
0,464.335,581.1125,517.1885,648.912,7,2000
1,485.38975,604.80025,538.2545,681.889,7,2000
2,516.6356666666667,645.0845,574.8291666666668,728.0068333333334,7,2000
3,540.7795000000001,680.257875,601.8351250000001,771.1315,7,2000
4,564.7972000000001,710.6732,627.311,808.2513,7,2000
