,WSVF,SVF,WSPT,SPT,M,N
0,126.376,158.989,138.846,181.263,10,1000
1,199.4785,249.19675,216.70250000000001,277.59125,10,2000
2,281.05855555555553,353.9681666666667,307.37877777777777,391.71750000000003,10,3000
3,363.10266666666666,454.25268750000004,398.48102083333333,500.99037500000003,10,4000
