,Batch Dispatch WSVF,Continuous Dispatch WSVF,Continuous Dispatch WSVF 2,M,N
0,223533.0,121300.0,115015.0,10,1000
1,651063.0,362841.5,343182.5,10,2000
2,1202060.3333333333,685890.6666666666,645992.0,10,3000
3,1969686.75,1131369.25,1065849.25,10,4000
