,WSVF,SVF,WSPT,SPT,M,N
0,412.5695,506.3225,452.956,565.154,7,2000
1,439.94975,544.679,482.813,606.1700000000001,7,2000
2,458.7081666666666,564.8573333333334,502.0305,627.114,7,2000
3,476.27099999999996,586.01525,520.36075,650.8542500000001,7,2000
4,496.0745,609.4728,538.7655000000001,674.4198,7,2000
5,516.9033333333333,634.1736666666667,561.5118333333334,699.0399166666666,7,2000
