,WSVF,SVF,WSPT,SPT,M,N
0,454.0975,555.282,506.1405,631.974,7,2000
1,503.90125,614.88075,554.95225,682.2827500000001,7,2000
2,536.9668333333333,648.1618333333334,585.5201666666667,712.3015,7,2000
3,556.103,667.4025,603.8965000000001,729.223875,7,2000
4,578.4661,689.5632,623.5483,749.0976,7,2000
5,592.3969166666667,702.1586666666667,635.3106666666666,758.9988333333334,7,2000
