,WSVF,OPT,M,N,SIGMA_W_P
0,428.24,428.24,3,24,428.24
1,443.78,443.78,3,24,443.78
2,444.6,442.94,3,24,442.94
3,467.76,454.64,3,24,454.64
4,477.88,471.359999865209,3,24,449.98
5,512.4,499.4399998987865,3,24,460.04
6,551.8,537.0599996132813,3,24,473.32
7,568.08,547.0199994213094,3,24,465.18
8,602.78,578.0799997658297,3,24,469.76
9,617.18,588.239999898637,3,24,456.56
