,WSVF,OPT,M,N,SIGMA_W_P
0,448.2,436.4,3,24,436.4
1,523.8,507.2,3,24,466.6
2,673.2,647.7999998439054,3,24,538.0
3,601.2,577.5999995520793,3,24,456.6
4,605.4,575.2,3,24,407.6
5,731.4,675.4,3,24,451.4
6,1083.6,983.5999999999995,3,24,536.2
7,847.4,793.4,3,24,414.2
