,WSVF,OPT,M,N,SIGMA_W_P
0,478.0,466.6,3,24,462.4
1,477.4,467.2,3,24,439.6
2,596.0,572.2,3,24,479.4
3,585.2,558.1999999364705,3,24,438.6
4,699.8,664.1999999999997,3,24,465.4
5,728.8,666.8,3,24,454.0
6,830.2,759.2,3,24,458.0
